{
    "COAST": {
        "max_load": 77721649.66037036,
        "0.0": 75809251.74459507,
        "0.01": 76498169.77752419,
        "0.02": 76950752.65908948,
        "0.03": 77171724.08705083,
        "0.04": 77312090.39290236,
        "0.05": 77399683.99228221
    },
    "NCENT": {
        "max_load": 93773648.6918708,
        "0.0": 91533628.70877777,
        "0.01": 92237450.84304467,
        "0.02": 92730368.15890302,
        "0.03": 92978300.61397263,
        "0.04": 93150302.64848043,
        "0.05": 93261501.92186493
    },
    "NORTH": {
        "max_load": 7130208.749295982,
        "0.0": 6349085.322981104,
        "0.01": 6451080.715124064,
        "0.02": 6549544.0250006495,
        "0.03": 6640684.186158286,
        "0.04": 6719267.414633589,
        "0.05": 6787450.973172543
    },
    "SCENT": {
        "max_load": 46552652.39863016,
        "0.0": 44749910.964965664,
        "0.01": 45193353.983446315,
        "0.02": 45556491.24291853,
        "0.03": 45807295.68398681,
        "0.04": 45991584.24820465,
        "0.05": 46103072.62559226
    },
    "SOUTH": {
        "max_load": 21828290.2829737,
        "0.0": 20556240.387334883,
        "0.01": 20811960.18713641,
        "0.02": 21045330.147723798,
        "0.03": 21226743.562878624,
        "0.04": 21364862.133187734,
        "0.05": 21464810.180515837
    },
    "WEST": {
        "max_load": 7654246.067115357,
        "0.0": 6809900.293775787,
        "0.01": 6917521.322574615,
        "0.02": 7020559.084386002,
        "0.03": 7115866.595974801,
        "0.04": 7201059.266129486,
        "0.05": 7278084.400945466
    },
    "EAST": {
        "max_load": 10300229.091060173,
        "0.0": 9370655.280376706,
        "0.01": 9511612.478392879,
        "0.02": 9643985.862578273,
        "0.03": 9763190.68775415,
        "0.04": 9858858.124547578,
        "0.05": 9941930.458252082
    },
    "FWEST": {
        "max_load": 10944527.669731144,
        "0.0": 10158630.087726662,
        "0.01": 10317116.397069817,
        "0.02": 10454997.785920976,
        "0.03": 10570988.912729142,
        "0.04": 10657623.93423726,
        "0.05": 10716604.220877962
    }
}